Method,RMSE
causal,0.024681760553786243
selectkbest,0.02478522344623548
shap,0.02480298920651874
