Method,RMSE
causal,0.025049890961562987
selectkbest,0.025207346161098473
shap,0.025207301394100063
