Method,RMSE
causal,0.06545618203523774
estatico,0.06866972230065953
selectkbest,0.06556685925342828
shap,0.06518803768629858
