Method,RMSE
causal,0.06676433255083683
estatico,0.0674540152357174
selectkbest,0.06721183734938554
shap,0.06688881730761678

