Method,RMSE
causal,0.04894291130052372
selectkbest,0.04906388293755071
shap,0.048525514066417794
