Method,RMSE
causal,0.06741618663879816
estatico,0.06763677879498332
selectkbest,0.067463252516577
shap,0.06734336182293613
