Method,RMSE
causal,0.02439364577212949
selectkbest,0.025072952728768333
shap,0.02473251474825077
