Method,RMSE
causal,0.06608900971227524
estatico,0.0663961404581257
selectkbest,0.0650076755013977
shap,0.06522313691645652
