Method,RMSE
causal,0.06558697349631826
estatico,0.06654825543987138
selectkbest,0.06579218886767513
shap,0.06628351447253727
